Grand disipline;Discipline
BIOLOGIE FONDAMENTALE;ANATOMY & MORPHOLOGY
BIOLOGIE FONDAMENTALE;BEHAVIORAL SCIENCES
BIOLOGIE FONDAMENTALE;BIOCHEMICAL RESEARCH METHODS
BIOLOGIE FONDAMENTALE;BIOCHEMISTRY & MOLECULAR BIOLOGY
BIOLOGIE FONDAMENTALE;BIOPHYSICS
BIOLOGIE FONDAMENTALE;CELL & TISSUE ENGINEERING
BIOLOGIE FONDAMENTALE;CELL BIOLOGY
BIOLOGIE FONDAMENTALE;DEVELOPMENTAL BIOLOGY
BIOLOGIE FONDAMENTALE;EVOLUTIONARY BIOLOGY
BIOLOGIE FONDAMENTALE;GENETICS & HEREDITY
BIOLOGIE FONDAMENTALE;MATERIALS SCIENCE, BIOMATERIALS
BIOLOGIE FONDAMENTALE;MATHEMATICAL & COMPUTATIONAL BIOLOGY
BIOLOGIE FONDAMENTALE;MICROBIOLOGY
BIOLOGIE FONDAMENTALE;NEUROIMAGING
BIOLOGIE FONDAMENTALE;NEUROSCIENCES
BIOLOGIE FONDAMENTALE;PARASITOLOGY
BIOLOGIE FONDAMENTALE;PHYSIOLOGY
BIOLOGIE FONDAMENTALE;PSYCHOLOGY
BIOLOGIE FONDAMENTALE;PSYCHOLOGY, BIOLOGICAL
BIOLOGIE FONDAMENTALE;REPRODUCTIVE BIOLOGY
RECHERCHE MÉDICALE;ALLERGY
RECHERCHE MÉDICALE;ANDROLOGY
RECHERCHE MÉDICALE;ANESTHESIOLOGY
RECHERCHE MÉDICALE;AUDIOLOGY & SPEECH-LANGUAGE PATHOLOGY
RECHERCHE MÉDICALE;CARDIAC & CARDIOVASCULAR SYSTEMS
RECHERCHE MÉDICALE;CLINICAL NEUROLOGY
RECHERCHE MÉDICALE;CRITICAL CARE MEDICINE
RECHERCHE MÉDICALE;DENTISTRY, ORAL SURGERY & MEDICINE
RECHERCHE MÉDICALE;DERMATOLOGY
RECHERCHE MÉDICALE;EMERGENCY MEDICINE
RECHERCHE MÉDICALE;ENDOCRINOLOGY & METABOLISM
RECHERCHE MÉDICALE;GASTROENTEROLOGY & HEPATOLOGY
RECHERCHE MÉDICALE;GERIATRICS & GERONTOLOGY
RECHERCHE MÉDICALE;HEALTH CARE SCIENCES & SERVICES
RECHERCHE MÉDICALE;HEMATOLOGY
RECHERCHE MÉDICALE;IMMUNOLOGY
RECHERCHE MÉDICALE;INFECTIOUS DISEASES
RECHERCHE MÉDICALE;INTEGRATIVE & COMPLEMENTARY MEDICINE
RECHERCHE MÉDICALE;MEDICAL ETHICS
RECHERCHE MÉDICALE;MEDICINE, GENERAL & INTERNAL
RECHERCHE MÉDICALE;MEDICINE, LEGAL
RECHERCHE MÉDICALE;MEDICINE, RESEARCH & EXPERIMENTAL
RECHERCHE MÉDICALE;NURSING
RECHERCHE MÉDICALE;OBSTETRICS & GYNECOLOGY
RECHERCHE MÉDICALE;ONCOLOGY
RECHERCHE MÉDICALE;OPHTHALMOLOGY
RECHERCHE MÉDICALE;ORTHOPEDICS
RECHERCHE MÉDICALE;OTORHINOLARYNGOLOGY
RECHERCHE MÉDICALE;PATHOLOGY
RECHERCHE MÉDICALE;PEDIATRICS
RECHERCHE MÉDICALE;PERIPHERAL VASCULAR DISEASE
RECHERCHE MÉDICALE;PHARMACOLOGY & PHARMACY
RECHERCHE MÉDICALE;PRIMARY HEALTH CARE
RECHERCHE MÉDICALE;PSYCHIATRY
RECHERCHE MÉDICALE;PUBLIC, ENVIRONMENTAL & OCCUPATIONAL HEALTH
RECHERCHE MÉDICALE;RADIOLOGY, NUCLEAR MEDICINE & MEDICAL IMAGING
RECHERCHE MÉDICALE;REHABILITATION
RECHERCHE MÉDICALE;RESPIRATORY SYSTEM
RECHERCHE MÉDICALE;RHEUMATOLOGY
RECHERCHE MÉDICALE;SPORT SCIENCES
RECHERCHE MÉDICALE;SUBSTANCE ABUSE
RECHERCHE MÉDICALE;SURGERY
RECHERCHE MÉDICALE;TOXICOLOGY
RECHERCHE MÉDICALE;TRANSPLANTATION
RECHERCHE MÉDICALE;TROPICAL MEDICINE
RECHERCHE MÉDICALE;UROLOGY & NEPHROLOGY
BIOLOGIE APPLIQUÉE-ÉCOLOGIE;AGRICULTURE, DAIRY & ANIMAL SCIENCE
BIOLOGIE APPLIQUÉE-ÉCOLOGIE;AGRICULTURE, MULTIDISCIPLINARY
BIOLOGIE APPLIQUÉE-ÉCOLOGIE;AGRONOMY
BIOLOGIE APPLIQUÉE-ÉCOLOGIE;BIODIVERSITY CONSERVATION
BIOLOGIE APPLIQUÉE-ÉCOLOGIE;BIOLOGY
BIOLOGIE APPLIQUÉE-ÉCOLOGIE;BIOLOGY, MISCELLANEOUS
BIOLOGIE APPLIQUÉE-ÉCOLOGIE;BIOTECHNOLOGY & APPLIED MICROBIOLOGY
BIOLOGIE APPLIQUÉE-ÉCOLOGIE;ECOLOGY
BIOLOGIE APPLIQUÉE-ÉCOLOGIE;ENTOMOLOGY
BIOLOGIE APPLIQUÉE-ÉCOLOGIE;FISHERIES
BIOLOGIE APPLIQUÉE-ÉCOLOGIE;FOOD SCIENCE & TECHNOLOGY
BIOLOGIE APPLIQUÉE-ÉCOLOGIE;FORESTRY
BIOLOGIE APPLIQUÉE-ÉCOLOGIE;HORTICULTURE
BIOLOGIE APPLIQUÉE-ÉCOLOGIE;MYCOLOGY
BIOLOGIE APPLIQUÉE-ÉCOLOGIE;NUTRITION & DIETETICS
BIOLOGIE APPLIQUÉE-ÉCOLOGIE;ORNITHOLOGY
BIOLOGIE APPLIQUÉE-ÉCOLOGIE;PLANT SCIENCES
BIOLOGIE APPLIQUÉE-ÉCOLOGIE;SOIL SCIENCE
BIOLOGIE APPLIQUÉE-ÉCOLOGIE;VETERINARY SCIENCES
BIOLOGIE APPLIQUÉE-ÉCOLOGIE;ZOOLOGY
CHIMIE;CHEMISTRY, ANALYTICAL
CHIMIE;CHEMISTRY, APPLIED
CHIMIE;CHEMISTRY, INORGANIC & NUCLEAR
CHIMIE;CHEMISTRY, MEDICINAL
CHIMIE;CHEMISTRY, MULTIDISCIPLINARY
CHIMIE;CHEMISTRY, ORGANIC
CHIMIE;CHEMISTRY, PHYSICAL
CHIMIE;CRYSTALLOGRAPHY
CHIMIE;ELECTROCHEMISTRY
CHIMIE;MATERIALS SCIENCE, CERAMICS
CHIMIE;MATERIALS SCIENCE, CHARACTERIZATION & TESTING
CHIMIE;MATERIALS SCIENCE, COATINGS & FILMS
CHIMIE;MATERIALS SCIENCE, COMPOSITES
CHIMIE;MATERIALS SCIENCE, MULTIDISCIPLINARY
CHIMIE;MATERIALS SCIENCE, PAPER & WOOD
CHIMIE;MATERIALS SCIENCE, TEXTILES
CHIMIE;NANOSCIENCE & NANOTECHNOLOGY
CHIMIE;POLYMER SCIENCE
PHYSIQUE;ACOUSTICS
PHYSIQUE;INSTRUMENTS & INSTRUMENTATION
PHYSIQUE;OPTICS
PHYSIQUE;PHYSICS, APPLIED
PHYSIQUE;PHYSICS, ATOMIC, MOLECULAR & CHEMICAL
PHYSIQUE;PHYSICS, CONDENSED MATTER
PHYSIQUE;PHYSICS, FLUIDS & PLASMAS
PHYSIQUE;PHYSICS, MATHEMATICAL
PHYSIQUE;PHYSICS, MULTIDISCIPLINARY
PHYSIQUE;PHYSICS, NUCLEAR
PHYSIQUE;PHYSICS, PARTICLES & FIELDS
PHYSIQUE;QUANTUM SCIENCE & TECHNOLOGY
PHYSIQUE;SPECTROSCOPY
SCIENCES DE L'UNIVERS;ASTRONOMY & ASTROPHYSICS
SCIENCES DE L'UNIVERS;ENGINEERING, ENVIRONMENTAL
SCIENCES DE L'UNIVERS;ENGINEERING, GEOLOGICAL
SCIENCES DE L'UNIVERS;ENVIRONMENTAL SCIENCES
SCIENCES DE L'UNIVERS;GEOCHEMISTRY & GEOPHYSICS
SCIENCES DE L'UNIVERS;GEOGRAPHY, PHYSICAL
SCIENCES DE L'UNIVERS;GEOLOGY
SCIENCES DE L'UNIVERS;GEOSCIENCES, MULTIDISCIPLINARY
SCIENCES DE L'UNIVERS;LIMNOLOGY
SCIENCES DE L'UNIVERS;MARINE & FRESHWATER BIOLOGY
SCIENCES DE L'UNIVERS;METEOROLOGY & ATMOSPHERIC SCIENCES
SCIENCES DE L'UNIVERS;MINERALOGY
SCIENCES DE L'UNIVERS;OCEANOGRAPHY
SCIENCES DE L'UNIVERS;PALEONTOLOGY
SCIENCES DE L'UNIVERS;WATER RESOURCES
SCIENCES POUR L'INGÉNIEUR;AGRICULTURAL ENGINEERING
SCIENCES POUR L'INGÉNIEUR;AUTOMATION & CONTROL SYSTEMS
SCIENCES POUR L'INGÉNIEUR;CONSTRUCTION & BUILDING TECHNOLOGY
SCIENCES POUR L'INGÉNIEUR;ENERGY & FUELS
SCIENCES POUR L'INGÉNIEUR;ENGINEERING, AEROSPACE
SCIENCES POUR L'INGÉNIEUR;ENGINEERING, BIOMEDICAL
SCIENCES POUR L'INGÉNIEUR;ENGINEERING, CHEMICAL
SCIENCES POUR L'INGÉNIEUR;ENGINEERING, CIVIL
SCIENCES POUR L'INGÉNIEUR;ENGINEERING, ELECTRICAL & ELECTRONIC
SCIENCES POUR L'INGÉNIEUR;ENGINEERING, INDUSTRIAL
SCIENCES POUR L'INGÉNIEUR;ENGINEERING, MANUFACTURING
SCIENCES POUR L'INGÉNIEUR;ENGINEERING, MARINE
SCIENCES POUR L'INGÉNIEUR;ENGINEERING, MECHANICAL
SCIENCES POUR L'INGÉNIEUR;ENGINEERING, MULTIDISCIPLINARY
SCIENCES POUR L'INGÉNIEUR;ENGINEERING, OCEAN
SCIENCES POUR L'INGÉNIEUR;ENGINEERING, PETROLEUM
SCIENCES POUR L'INGÉNIEUR;GREEN & SUSTAINABLE SCIENCE & TECHNOLOGY
SCIENCES POUR L'INGÉNIEUR;IMAGING SCIENCE & PHOTOGRAPHIC TECHNOLOGY
SCIENCES POUR L'INGÉNIEUR;MECHANICS
SCIENCES POUR L'INGÉNIEUR;MEDICAL LABORATORY TECHNOLOGY
SCIENCES POUR L'INGÉNIEUR;METALLURGY & METALLURGICAL ENGINEERING
SCIENCES POUR L'INGÉNIEUR;MICROSCOPY
SCIENCES POUR L'INGÉNIEUR;MINING & MINERAL PROCESSING
SCIENCES POUR L'INGÉNIEUR;NUCLEAR SCIENCE & TECHNOLOGY
SCIENCES POUR L'INGÉNIEUR;OPERATIONS RESEARCH & MANAGEMENT SCIENCE
SCIENCES POUR L'INGÉNIEUR;REMOTE SENSING
SCIENCES POUR L'INGÉNIEUR;THERMODYNAMICS
SCIENCES POUR L'INGÉNIEUR;TRANSPORTATION SCIENCE & TECHNOLOGY
INFORMATIQUE;COMPUTER SCIENCE, ARTIFICIAL INTELLIGENCE
INFORMATIQUE;COMPUTER SCIENCE, CYBERNETICS
INFORMATIQUE;COMPUTER SCIENCE, HARDWARE & ARCHITECTURE
INFORMATIQUE;COMPUTER SCIENCE, INFORMATION SYSTEMS
INFORMATIQUE;COMPUTER SCIENCE, INTERDISCIPLINARY APPLICATIONS
INFORMATIQUE;COMPUTER SCIENCE, SOFTWARE ENGINEERING
INFORMATIQUE;COMPUTER SCIENCE, THEORY & METHODS
MATHÉMATIQUES;MATHEMATICS
MATHÉMATIQUES;MATHEMATICS, APPLIED
MATHÉMATIQUES;MATHEMATICS, INTERDISCIPLINARY APPLICATIONS
MATHÉMATIQUES;STATISTICS & PROBABILITY
SCIENCES HUMAINES;ANTHROPOLOGY
SCIENCES HUMAINES;ARCHAEOLOGY
SCIENCES HUMAINES;ARCHITECTURE
SCIENCES HUMAINES;AREA STUDIES
SCIENCES HUMAINES;ART
SCIENCES HUMAINES;ASIAN STUDIES
SCIENCES HUMAINES;CLASSICS
SCIENCES HUMAINES;COMMUNICATION
SCIENCES HUMAINES;DANCE
SCIENCES HUMAINES;ETHICS
SCIENCES HUMAINES;ETHNIC STUDIES
SCIENCES HUMAINES;FILM, RADIO, TELEVISION
SCIENCES HUMAINES;FOLKLORE
SCIENCES HUMAINES;HISTORY
SCIENCES HUMAINES;HISTORY & PHILOSOPHY OF SCIENCE
SCIENCES HUMAINES;HISTORY OF SOCIAL SCIENCES
SCIENCES HUMAINES;HUMANITIES, MULTIDISCIPLINARY
SCIENCES HUMAINES;LANGUAGE & LINGUISTICS
SCIENCES HUMAINES;LINGUISTICS
SCIENCES HUMAINES;LITERARY REVIEWS
SCIENCES HUMAINES;LITERARY THEORY & CRITICISM
SCIENCES HUMAINES;LITERATURE
SCIENCES HUMAINES;LITERATURE, AFRICAN, AUSTRALIAN, CANADIAN
SCIENCES HUMAINES;LITERATURE, AMERICAN
SCIENCES HUMAINES;LITERATURE, BRITISH ISLES
SCIENCES HUMAINES;LITERATURE, GERMAN, DUTCH, SCANDINAVIAN
SCIENCES HUMAINES;LITERATURE, ROMANCE
SCIENCES HUMAINES;LITERATURE, SLAVIC
SCIENCES HUMAINES;MEDIEVAL & RENAISSANCE STUDIES
SCIENCES HUMAINES;MUSIC
SCIENCES HUMAINES;PHILOSOPHY
SCIENCES HUMAINES;POETRY
SCIENCES HUMAINES;PSYCHOLOGY, APPLIED
SCIENCES HUMAINES;PSYCHOLOGY, DEVELOPMENTAL
SCIENCES HUMAINES;PSYCHOLOGY, EDUCATIONAL
SCIENCES HUMAINES;PSYCHOLOGY, MATHEMATICAL
SCIENCES HUMAINES;PSYCHOLOGY, MULTIDISCIPLINARY
SCIENCES HUMAINES;PSYCHOLOGY, PSYCHOANALYSIS
SCIENCES HUMAINES;PSYCHOLOGY, SOCIAL
SCIENCES HUMAINES;RELIGION
SCIENCES HUMAINES;THEATER
SCIENCES SOCIALES;AGRICULTURAL ECONOMICS & POLICY
SCIENCES SOCIALES;BUSINESS
SCIENCES SOCIALES;BUSINESS, FINANCE
SCIENCES SOCIALES;CRIMINOLOGY & PENOLOGY
SCIENCES SOCIALES;CULTURAL STUDIES
SCIENCES SOCIALES;DEMOGRAPHY
SCIENCES SOCIALES;DEVELOPMENT STUDIES
SCIENCES SOCIALES;ECONOMICS
SCIENCES SOCIALES;EDUCATION & EDUCATIONAL RESEARCH
SCIENCES SOCIALES;EDUCATION, SPECIAL
SCIENCES SOCIALES;ENVIRONMENTAL STUDIES
SCIENCES SOCIALES;ERGONOMICS
SCIENCES SOCIALES;FAMILY STUDIES
SCIENCES SOCIALES;GEOGRAPHY
SCIENCES SOCIALES;GERONTOLOGY
SCIENCES SOCIALES;HEALTH POLICY & SERVICES
SCIENCES SOCIALES;HOSPITALITY, LEISURE, SPORT & TOURISM
SCIENCES SOCIALES;INDUSTRIAL RELATIONS & LABOR
SCIENCES SOCIALES;INFORMATION SCIENCE & LIBRARY SCIENCE
SCIENCES SOCIALES;INTERNATIONAL RELATIONS
SCIENCES SOCIALES;LAW
SCIENCES SOCIALES;MANAGEMENT
SCIENCES SOCIALES;NURSING
SCIENCES SOCIALES;POLITICAL SCIENCE
SCIENCES SOCIALES;PSYCHIATRY
SCIENCES SOCIALES;PSYCHOLOGY, BIOLOGICAL
SCIENCES SOCIALES;PSYCHOLOGY, CLINICAL
SCIENCES SOCIALES;PSYCHOLOGY, EXPERIMENTAL
SCIENCES SOCIALES;PUBLIC ADMINISTRATION
SCIENCES SOCIALES;PUBLIC, ENVIRONMENTAL & OCCUPATIONAL HEALTH
SCIENCES SOCIALES;REGIONAL & URBAN PLANNING
SCIENCES SOCIALES;REHABILITATION
SCIENCES SOCIALES;SOCIAL ISSUES
SCIENCES SOCIALES;SOCIAL SCIENCES, BIOMEDICAL
SCIENCES SOCIALES;SOCIAL SCIENCES, INTERDISCIPLINARY
SCIENCES SOCIALES;SOCIAL SCIENCES, MATHEMATICAL METHODS
SCIENCES SOCIALES;SOCIAL WORK
SCIENCES SOCIALES;SOCIOLOGY
SCIENCES SOCIALES;SUBSTANCE ABUSE
SCIENCES SOCIALES;TRANSPORTATION
SCIENCES SOCIALES;URBAN STUDIES
SCIENCES SOCIALES;WOMEN'S STUDIES
MULTIDISCIPLINAIRE;EDUCATION, SCIENTIFIC DISCIPLINES
MULTIDISCIPLINAIRE;MULTIDISCIPLINARY SCIENCES
